{
  "model": "checkpoints/rl_kk_step380_merged",
  "n": 16,
  "k": 16,
  "temperature": 0.8,
  "pass@16": 26.571428571428573,
  "by_num_people": {
    "2": {
      "pak": 54.0,
      "n": 100
    },
    "3": {
      "pak": 40.0,
      "n": 100
    },
    "4": {
      "pak": 36.0,
      "n": 100
    },
    "5": {
      "pak": 23.0,
      "n": 100
    },
    "6": {
      "pak": 17.0,
      "n": 100
    },
    "7": {
      "pak": 7.000000000000001,
      "n": 100
    },
    "8": {
      "pak": 9.0,
      "n": 100
    }
  }
}