{
  "model": "sft_outputs/kk_ordered_lr1e5",
  "accuracy": 26.142857142857146,
  "format_only_pct": 0.0,
  "total": 700,
  "by_num_people": {
    "2": {
      "acc": 56.00000000000001,
      "n": 100
    },
    "3": {
      "acc": 36.0,
      "n": 100
    },
    "4": {
      "acc": 36.0,
      "n": 100
    },
    "5": {
      "acc": 23.0,
      "n": 100
    },
    "6": {
      "acc": 16.0,
      "n": 100
    },
    "7": {
      "acc": 8.0,
      "n": 100
    },
    "8": {
      "acc": 8.0,
      "n": 100
    }
  }
}