{
  "model": "sft_outputs/kk_shuffled_lr1e5",
  "accuracy": 25.857142857142858,
  "format_only_pct": 0.0,
  "total": 700,
  "by_num_people": {
    "2": {
      "acc": 56.00000000000001,
      "n": 100
    },
    "3": {
      "acc": 38.0,
      "n": 100
    },
    "4": {
      "acc": 35.0,
      "n": 100
    },
    "5": {
      "acc": 21.0,
      "n": 100
    },
    "6": {
      "acc": 16.0,
      "n": 100
    },
    "7": {
      "acc": 5.0,
      "n": 100
    },
    "8": {
      "acc": 10.0,
      "n": 100
    }
  }
}