{
  "model": "checkpoints/rl_kk_3b_step190_merged",
  "accuracy": 37.142857142857146,
  "format_only_pct": 0.0,
  "total": 700,
  "by_num_people": {
    "2": {
      "acc": 60.0,
      "n": 100
    },
    "3": {
      "acc": 57.99999999999999,
      "n": 100
    },
    "4": {
      "acc": 52.0,
      "n": 100
    },
    "5": {
      "acc": 36.0,
      "n": 100
    },
    "6": {
      "acc": 25.0,
      "n": 100
    },
    "7": {
      "acc": 12.0,
      "n": 100
    },
    "8": {
      "acc": 17.0,
      "n": 100
    }
  }
}