{
  "model": "sft_outputs/kk_3b_ordered_lr1e5",
  "accuracy": 35.57142857142857,
  "format_only_pct": 0.0,
  "total": 700,
  "by_num_people": {
    "2": {
      "acc": 59.0,
      "n": 100
    },
    "3": {
      "acc": 53.0,
      "n": 100
    },
    "4": {
      "acc": 53.0,
      "n": 100
    },
    "5": {
      "acc": 28.999999999999996,
      "n": 100
    },
    "6": {
      "acc": 27.0,
      "n": 100
    },
    "7": {
      "acc": 14.000000000000002,
      "n": 100
    },
    "8": {
      "acc": 14.000000000000002,
      "n": 100
    }
  }
}