{
  "model": "sft_outputs/kk_3b_shuffled_lr1e5",
  "accuracy": 33.57142857142857,
  "format_only_pct": 0.0,
  "total": 700,
  "by_num_people": {
    "2": {
      "acc": 53.0,
      "n": 100
    },
    "3": {
      "acc": 55.00000000000001,
      "n": 100
    },
    "4": {
      "acc": 45.0,
      "n": 100
    },
    "5": {
      "acc": 30.0,
      "n": 100
    },
    "6": {
      "acc": 25.0,
      "n": 100
    },
    "7": {
      "acc": 13.0,
      "n": 100
    },
    "8": {
      "acc": 14.000000000000002,
      "n": 100
    }
  }
}